{
	"class_name" : "PinholeCameraParameters",
	"extrinsic" : 
	[
		0.82794751418293933,
		0.072720579856608625,
		0.55607070685625071,
		0.0,
		-0.041964488626716749,
		-0.98074331344051302,
		0.19073944226620229,
		0.0,
		0.55923331039253188,
		-0.1812574699344619,
		-0.80895230646829108,
		0.0,
		-0.0082009815911212869,
		-0.039882440650948425,
		0.26608244861941421,
		1.0
	],
	"intrinsic" : 
	{
		"height" : 1080,
		"intrinsic_matrix" : 
		[
			935.30743608719376,
			0.0,
			0.0,
			0.0,
			935.30743608719376,
			0.0,
			959.5,
			539.5,
			1.0
		],
		"width" : 1920
	},
	"version_major" : 1,
	"version_minor" : 0
}