{
	"class_name" : "PinholeCameraParameters",
	"extrinsic" : 
	[
		0.80957873446786432,
		0.078168730379751056,
		0.58178339808577306,
		0.0,
		-0.062590905587567497,
		-0.97394891357632529,
		0.21795846457805718,
		0.0,
		0.58366484495396798,
		-0.21286888766166318,
		-0.78359567726637369,
		0.0,
		0.027400033371357727,
		-0.071640570258453884,
		0.26806494311113271,
		1.0
	],
	"intrinsic" : 
	{
		"height" : 1080,
		"intrinsic_matrix" : 
		[
			935.30743608719376,
			0.0,
			0.0,
			0.0,
			935.30743608719376,
			0.0,
			959.5,
			539.5,
			1.0
		],
		"width" : 1920
	},
	"version_major" : 1,
	"version_minor" : 0
}